date,user,0
2023-09-03,1.94.198.242,3
2023-09-03,10.40.224.124,1
2023-09-03,107.73.191.186,1
2023-09-03,111.165.167.150,2
2023-09-03,112.23.215.11,4
2023-09-03,116.163.52.115,1
2023-09-03,124.20.71.65,2
2023-09-03,126.241.240.48,3
2023-09-03,133.178.242.179,3
2023-09-03,136.229.112.41,4
2023-09-03,14.74.11.204,1
2023-09-03,143.1.219.221,2
2023-09-03,146.238.149.57,1
2023-09-03,148.208.135.31,3
2023-09-03,148.78.21.82,1
2023-09-03,150.92.60.12,4
2023-09-03,158.89.152.132,3
2023-09-03,160.35.192.204,3
2023-09-03,161.180.105.136,3
2023-09-03,161.215.114.80,3
2023-09-03,162.160.244.38,4
2023-09-03,164.245.1.245,3
2023-09-03,173.209.171.151,5
2023-09-03,174.123.128.71,3
2023-09-03,177.73.210.100,2
2023-09-03,18.61.36.251,5
2023-09-03,183.148.151.4,4
2023-09-03,186.182.196.92,4
2023-09-03,187.217.179.214,3
2023-09-03,188.125.48.125,3
2023-09-03,192.124.14.20,1
2023-09-03,193.160.189.60,2
2023-09-03,197.229.167.1,4
2023-09-03,198.10.100.47,2
2023-09-03,199.238.216.143,5
2023-09-03,200.132.195.9,3
2023-09-03,202.212.45.92,2
2023-09-03,206.53.241.171,2
2023-09-03,209.224.216.26,2
2023-09-03,212.219.143.229,5
2023-09-03,212.230.68.105,1
2023-09-03,215.179.177.114,4
2023-09-03,215.58.79.106,1
2023-09-03,220.138.189.71,2
2023-09-03,222.21.130.77,3
2023-09-03,24.73.10.49,2
2023-09-03,3.34.80.238,3
2023-09-03,32.59.223.76,1
2023-09-03,33.194.238.241,7
2023-09-03,33.62.192.118,1
2023-09-03,34.179.13.219,1
2023-09-03,36.180.38.137,1
2023-09-03,37.120.65.73,2
2023-09-03,38.76.226.194,5
2023-09-03,39.178.18.221,3
2023-09-03,41.126.239.78,2
2023-09-03,42.183.157.220,4
2023-09-03,44.248.45.170,3
2023-09-03,47.75.216.48,4
2023-09-03,48.211.167.101,7
2023-09-03,50.209.162.154,2
2023-09-03,51.254.253.244,1
2023-09-03,52.12.246.76,3
2023-09-03,54.240.30.29,2
2023-09-03,56.236.169.184,4
2023-09-03,6.123.130.49,4
2023-09-03,60.43.94.129,4
2023-09-03,65.5.127.132,1
2023-09-03,65.53.164.117,3
2023-09-03,65.62.211.199,4
2023-09-03,7.64.232.235,3
2023-09-03,71.1.240.133,2
2023-09-03,72.184.54.80,3
2023-09-03,9.32.118.132,3
2023-09-03,93.180.169.117,1
2023-09-03,94.7.85.142,1
2023-09-03,95.202.132.58,5
2023-09-03,97.88.4.211,1
2023-09-04,10.226.31.136,12
2023-09-04,103.43.177.45,17
2023-09-04,104.43.139.10,12
2023-09-04,107.117.134.58,8
2023-09-04,108.134.46.235,9
2023-09-04,11.3.3.203,21
2023-09-04,110.141.31.244,10
2023-09-04,111.172.99.194,18
2023-09-04,112.245.85.38,12
2023-09-04,113.250.96.139,19
2023-09-04,113.30.103.98,9
2023-09-04,117.63.21.23,13
2023-09-04,119.70.193.185,12
2023-09-04,120.27.69.195,20
2023-09-04,123.101.212.12,11
2023-09-04,124.107.93.143,9
2023-09-04,125.183.198.235,14
2023-09-04,125.234.195.37,13
2023-09-04,125.84.167.250,14
2023-09-04,126.112.231.155,12
2023-09-04,126.42.18.216,9
2023-09-04,130.111.169.95,12
2023-09-04,131.199.75.117,17
2023-09-04,135.77.154.21,7
2023-09-04,138.173.164.120,8
2023-09-04,141.188.131.159,10
2023-09-04,142.88.115.169,13
2023-09-04,146.184.2.230,13
2023-09-04,157.181.237.104,13
2023-09-04,159.181.148.99,7
2023-09-04,160.191.106.211,17
2023-09-04,166.34.90.240,8
2023-09-04,170.163.186.251,15
2023-09-04,176.43.94.150,8
2023-09-04,178.71.234.170,17
2023-09-04,181.60.202.119,7
2023-09-04,182.166.219.45,3
2023-09-04,182.214.86.228,12
2023-09-04,191.144.13.234,7
2023-09-04,192.65.13.24,12
2023-09-04,193.133.163.89,7
2023-09-04,196.46.210.168,10
2023-09-04,201.214.169.160,6
2023-09-04,208.232.136.161,19
2023-09-04,210.223.244.8,11
2023-09-04,210.39.185.218,18
2023-09-04,211.93.224.28,9
2023-09-04,212.125.254.59,20
2023-09-04,216.20.192.200,12
2023-09-04,27.148.104.193,16
2023-09-04,27.77.201.155,9
2023-09-04,28.64.60.225,8
2023-09-04,30.12.129.224,12
2023-09-04,36.154.53.112,6
2023-09-04,4.219.199.235,8
2023-09-04,40.93.166.67,9
2023-09-04,41.151.37.50,8
2023-09-04,42.115.129.101,15
2023-09-04,43.77.155.118,21
2023-09-04,45.250.167.184,13
2023-09-04,49.51.169.11,11
2023-09-04,55.254.95.242,17
2023-09-04,56.90.49.128,6
2023-09-04,58.227.18.252,8
2023-09-04,6.191.165.80,7
2023-09-04,6.28.162.227,15
2023-09-04,6.35.183.212,11
2023-09-04,61.58.84.65,14
2023-09-04,64.203.95.185,13
2023-09-04,65.64.52.4,16
2023-09-04,68.157.224.56,20
2023-09-04,7.119.128.233,18
2023-09-04,73.162.95.126,13
2023-09-04,78.181.126.131,12
2023-09-04,87.53.140.9,10
2023-09-04,88.173.5.231,15
2023-09-04,90.69.96.92,10
2023-09-04,91.193.158.185,17
2023-09-04,96.3.110.42,18
2023-09-04,99.56.166.124,16
2023-09-05,10.193.70.229,5
2023-09-05,102.132.171.180,8
2023-09-05,103.247.0.14,5
2023-09-05,108.179.139.172,6
2023-09-05,11.124.135.101,7
2023-09-05,117.145.96.64,1
2023-09-05,119.217.175.37,4
2023-09-05,121.117.182.85,1
2023-09-05,130.247.78.8,4
2023-09-05,132.17.210.131,5
2023-09-05,134.59.251.129,8
2023-09-05,138.122.84.62,1
2023-09-05,139.135.2.151,4
2023-09-05,139.44.51.29,3
2023-09-05,140.88.83.193,3
2023-09-05,141.177.81.116,3
2023-09-05,143.0.164.5,3
2023-09-05,149.239.15.5,3
2023-09-05,149.3.67.208,7
2023-09-05,157.249.120.128,3
2023-09-05,160.58.133.163,2
2023-09-05,161.61.241.58,4
2023-09-05,168.197.139.92,8
2023-09-05,168.45.126.235,2
2023-09-05,170.55.124.89,1
2023-09-05,179.101.123.56,10
2023-09-05,19.71.90.82,5
2023-09-05,196.134.226.127,4
2023-09-05,197.221.176.237,8
2023-09-05,199.183.166.181,3
2023-09-05,202.142.117.121,5
2023-09-05,206.57.190.124,9
2023-09-05,208.112.197.91,3
2023-09-05,208.48.5.10,4
2023-09-05,21.73.203.215,4
2023-09-05,218.161.94.133,4
2023-09-05,218.193.151.138,6
2023-09-05,22.144.40.131,3
2023-09-05,223.82.113.219,3
2023-09-05,23.7.201.110,4
2023-09-05,29.34.199.25,3
2023-09-05,3.249.68.135,5
2023-09-05,34.190.66.239,4
2023-09-05,34.77.104.59,6
2023-09-05,35.54.85.180,4
2023-09-05,36.49.74.67,3
2023-09-05,37.194.173.152,5
2023-09-05,37.4.237.116,3
2023-09-05,39.106.33.214,3
2023-09-05,4.236.145.200,6
2023-09-05,4.64.154.16,8
2023-09-05,40.17.202.87,4
2023-09-05,43.143.233.4,4
2023-09-05,50.56.255.146,3
2023-09-05,50.8.64.101,7
2023-09-05,51.84.214.0,5
2023-09-05,6.45.166.202,3
2023-09-05,6.63.135.203,3
2023-09-05,79.90.187.117,5
2023-09-05,81.34.19.12,7
2023-09-05,85.77.113.100,1
2023-09-05,93.136.102.245,8
2023-09-05,95.29.72.144,1
2023-09-06,1.140.99.156,23
2023-09-06,10.184.48.20,22
2023-09-06,103.243.38.78,21
2023-09-06,114.103.185.91,17
2023-09-06,119.106.151.60,20
2023-09-06,119.98.148.139,11
2023-09-06,12.151.202.131,11
2023-09-06,12.2.228.138,19
2023-09-06,12.206.65.187,14
2023-09-06,129.44.133.230,17
2023-09-06,135.71.144.246,13
2023-09-06,141.239.34.188,11
2023-09-06,149.30.157.208,11
2023-09-06,152.0.112.4,18
2023-09-06,153.56.151.22,14
2023-09-06,154.188.83.157,17
2023-09-06,156.83.79.49,16
2023-09-06,157.21.114.138,19
2023-09-06,167.36.93.38,16
2023-09-06,168.169.123.100,19
2023-09-06,177.229.194.203,13
2023-09-06,177.37.233.99,19
2023-09-06,180.175.175.241,13
2023-09-06,183.83.118.194,18
2023-09-06,185.16.83.27,16
2023-09-06,191.189.235.54,21
2023-09-06,192.9.128.75,23
2023-09-06,194.163.144.103,16
2023-09-06,203.220.226.121,12
2023-09-06,207.136.142.65,18
2023-09-06,210.145.255.232,11
2023-09-06,213.157.240.193,21
2023-09-06,215.14.255.12,17
2023-09-06,217.46.125.105,18
2023-09-06,219.206.149.75,19
2023-09-06,222.50.215.220,21
2023-09-06,24.98.111.190,17
2023-09-06,25.106.215.72,21
2023-09-06,25.61.129.10,21
2023-09-06,32.148.54.4,20
2023-09-06,33.59.232.224,24
2023-09-06,34.98.25.233,16
2023-09-06,35.140.113.65,16
2023-09-06,38.171.117.37,15
2023-09-06,4.39.227.4,14
2023-09-06,40.137.11.187,17
2023-09-06,46.24.103.199,15
2023-09-06,47.104.98.7,17
2023-09-06,51.219.162.103,21
2023-09-06,52.87.114.174,10
2023-09-06,53.174.235.2,14
2023-09-06,55.88.154.156,12
2023-09-06,58.204.125.62,16
2023-09-06,59.69.223.85,12
2023-09-06,65.177.57.170,24
2023-09-06,69.186.12.96,10
2023-09-06,69.49.44.14,14
2023-09-06,7.121.29.9,22
2023-09-06,71.191.214.135,24
2023-09-06,72.128.156.77,21
2023-09-06,76.235.81.246,13
2023-09-06,78.42.52.164,22
2023-09-06,8.147.184.9,16
2023-09-06,80.111.160.42,25
2023-09-06,85.131.192.6,10
2023-09-06,86.148.5.252,11
2023-09-06,88.165.64.177,16
2023-09-06,91.49.1.216,24
2023-09-06,94.149.10.19,17
2023-09-07,103.46.5.211,12
2023-09-07,107.98.41.172,13
2023-09-07,113.242.146.176,5
2023-09-07,113.62.84.245,15
2023-09-07,113.99.24.71,12
2023-09-07,119.174.168.251,9
2023-09-07,120.209.16.63,18
2023-09-07,120.253.98.252,13
2023-09-07,121.147.150.235,11
2023-09-07,123.174.137.7,10
2023-09-07,123.197.150.253,8
2023-09-07,126.160.192.26,5
2023-09-07,129.7.142.206,6
2023-09-07,131.40.195.228,13
2023-09-07,133.188.176.200,15
2023-09-07,134.192.48.141,16
2023-09-07,138.220.217.173,11
2023-09-07,139.93.78.83,13
2023-09-07,14.194.83.59,12
2023-09-07,14.60.41.76,19
2023-09-07,140.58.241.154,13
2023-09-07,148.92.125.186,14
2023-09-07,15.7.15.139,14
2023-09-07,157.206.195.25,15
2023-09-07,159.152.79.14,16
2023-09-07,159.194.42.249,9
2023-09-07,165.224.167.215,12
2023-09-07,168.133.38.168,12
2023-09-07,17.188.190.120,8
2023-09-07,17.207.95.203,11
2023-09-07,172.106.88.202,8
2023-09-07,175.221.236.215,9
2023-09-07,180.16.192.225,9
2023-09-07,182.225.243.0,15
2023-09-07,184.122.25.231,15
2023-09-07,186.198.133.189,6
2023-09-07,191.138.236.181,11
2023-09-07,192.71.82.210,11
2023-09-07,20.222.21.24,16
2023-09-07,200.142.24.94,10
2023-09-07,203.5.151.5,11
2023-09-07,204.50.233.73,4
2023-09-07,205.124.251.235,12
2023-09-07,207.125.161.175,15
2023-09-07,208.187.113.7,14
2023-09-07,21.249.173.220,8
2023-09-07,211.239.11.17,13
2023-09-07,217.119.187.66,13
2023-09-07,217.56.74.56,14
2023-09-07,220.224.213.28,12
2023-09-07,222.132.84.54,9
2023-09-07,24.230.186.84,11
2023-09-07,24.42.210.81,10
2023-09-07,25.21.190.112,14
2023-09-07,30.214.65.193,8
2023-09-07,30.62.26.95,9
2023-09-07,39.83.216.247,12
2023-09-07,42.150.156.31,9
2023-09-07,42.29.7.121,13
2023-09-07,43.237.215.8,10
2023-09-07,47.69.46.142,15
2023-09-07,5.132.10.154,13
2023-09-07,5.198.168.212,13
2023-09-07,54.151.221.227,5
2023-09-07,55.215.230.244,13
2023-09-07,56.145.174.196,10
2023-09-07,60.157.125.135,9
2023-09-07,60.203.38.121,11
2023-09-07,61.38.63.96,11
2023-09-07,62.142.245.246,12
2023-09-07,62.178.220.154,8
2023-09-07,67.231.215.25,2
2023-09-07,68.18.64.137,7
2023-09-07,68.60.207.171,9
2023-09-07,7.11.51.39,8
2023-09-07,71.20.235.173,13
2023-09-07,78.252.128.93,17
2023-09-07,80.56.197.173,13
2023-09-07,85.241.51.35,10
2023-09-07,85.99.237.74,13
2023-09-07,86.68.23.110,5
2023-09-07,89.157.74.139,6
2023-09-07,90.14.185.223,13
2023-09-07,91.120.222.223,9
2023-09-07,93.123.190.37,16
2023-09-07,98.147.93.26,11
2023-09-07,99.80.25.51,9
2023-09-08,1.216.109.119,6
2023-09-08,101.78.56.226,2
2023-09-08,105.142.67.223,2
2023-09-08,108.248.167.185,3
2023-09-08,110.171.13.165,1
2023-09-08,112.119.241.220,5
2023-09-08,112.195.161.200,2
2023-09-08,118.197.222.110,2
2023-09-08,12.142.85.175,2
2023-09-08,120.174.102.66,3
2023-09-08,128.5.192.68,5
2023-09-08,131.148.210.104,6
2023-09-08,131.167.70.89,1
2023-09-08,151.95.191.195,1
2023-09-08,154.89.146.51,4
2023-09-08,154.98.135.31,1
2023-09-08,160.40.56.209,4
2023-09-08,169.52.193.97,3
2023-09-08,173.184.219.55,2
2023-09-08,175.218.108.176,1
2023-09-08,177.46.253.233,2
2023-09-08,178.33.34.252,3
2023-09-08,18.171.76.105,1
2023-09-08,180.126.146.155,1
2023-09-08,186.192.93.161,3
2023-09-08,189.17.82.23,4
2023-09-08,192.174.101.47,4
2023-09-08,198.189.222.18,4
2023-09-08,200.84.141.30,2
2023-09-08,203.50.109.201,4
2023-09-08,204.253.101.160,2
2023-09-08,206.104.189.65,5
2023-09-08,206.209.150.117,4
2023-09-08,208.224.37.27,4
2023-09-08,213.190.78.87,3
2023-09-08,22.175.253.56,7
2023-09-08,220.149.167.135,4
2023-09-08,220.60.193.111,3
2023-09-08,223.37.233.73,2
2023-09-08,23.137.222.213,1
2023-09-08,24.46.129.56,2
2023-09-08,29.166.16.33,3
2023-09-08,29.81.23.131,9
2023-09-08,32.7.244.60,2
2023-09-08,41.189.121.37,3
2023-09-08,42.134.109.89,4
2023-09-08,43.118.56.195,4
2023-09-08,45.8.16.182,6
2023-09-08,46.100.42.40,4
2023-09-08,49.13.98.208,3
2023-09-08,50.165.126.58,4
2023-09-08,59.156.120.213,5
2023-09-08,60.173.75.24,3
2023-09-08,64.67.192.162,3
2023-09-08,69.86.136.228,5
2023-09-08,7.65.217.125,1
2023-09-08,73.252.49.91,4
2023-09-08,75.118.111.168,4
2023-09-08,75.197.118.20,3
2023-09-08,75.75.163.40,3
2023-09-08,76.3.92.84,2
2023-09-08,77.240.94.73,1
2023-09-08,78.216.118.239,2
2023-09-08,89.114.176.54,2
2023-09-08,89.65.66.32,7
2023-09-08,95.21.68.154,1
2023-09-08,95.41.12.126,1
2023-09-09,101.137.74.244,11
2023-09-09,106.116.87.121,16
2023-09-09,11.188.198.122,8
2023-09-09,11.22.168.211,8
2023-09-09,110.170.30.123,19
2023-09-09,112.107.218.141,20
2023-09-09,112.126.125.20,18
2023-09-09,113.84.96.57,6
2023-09-09,119.4.27.5,19
2023-09-09,120.63.3.102,15
2023-09-09,121.82.65.19,20
2023-09-09,123.152.41.223,19
2023-09-09,128.187.170.30,11
2023-09-09,128.25.34.137,11
2023-09-09,13.35.229.108,8
2023-09-09,130.62.233.19,14
2023-09-09,131.212.126.149,16
2023-09-09,134.245.88.49,14
2023-09-09,136.232.113.7,20
2023-09-09,139.141.67.21,8
2023-09-09,139.254.190.67,13
2023-09-09,140.24.16.33,9
2023-09-09,141.228.148.172,15
2023-09-09,150.156.12.150,13
2023-09-09,150.97.132.32,12
2023-09-09,151.218.161.213,18
2023-09-09,152.23.104.145,13
2023-09-09,159.69.76.146,11
2023-09-09,16.174.236.31,15
2023-09-09,160.50.215.128,19
2023-09-09,162.147.62.83,15
2023-09-09,162.72.214.77,13
2023-09-09,167.107.3.98,16
2023-09-09,168.178.247.142,14
2023-09-09,17.82.184.142,10
2023-09-09,175.47.86.154,18
2023-09-09,177.114.233.190,6
2023-09-09,177.192.32.22,12
2023-09-09,182.42.167.244,14
2023-09-09,185.109.91.172,9
2023-09-09,188.186.10.101,13
2023-09-09,189.3.53.73,6
2023-09-09,19.86.224.212,11
2023-09-09,194.217.144.92,10
2023-09-09,199.124.219.137,16
2023-09-09,2.37.189.189,18
2023-09-09,200.176.198.200,13
2023-09-09,200.211.34.54,20
2023-09-09,201.69.180.148,9
2023-09-09,206.232.214.49,16
2023-09-09,207.231.53.125,17
2023-09-09,210.99.17.15,19
2023-09-09,211.42.186.145,16
2023-09-09,214.225.58.173,14
2023-09-09,215.207.128.24,10
2023-09-09,22.134.212.154,7
2023-09-09,22.194.41.175,8
2023-09-09,22.80.178.166,14
2023-09-09,220.204.212.89,17
2023-09-09,220.212.175.144,15
2023-09-09,221.108.131.87,13
2023-09-09,23.230.154.211,17
2023-09-09,27.48.33.126,9
2023-09-09,27.68.9.113,14
2023-09-09,28.104.41.192,13
2023-09-09,30.161.15.96,15
2023-09-09,33.44.56.117,13
2023-09-09,34.78.158.17,12
2023-09-09,36.245.32.251,6
2023-09-09,38.28.34.176,10
2023-09-09,44.193.251.189,15
2023-09-09,45.32.204.94,15
2023-09-09,5.219.113.216,12
2023-09-09,55.83.30.28,12
2023-09-09,58.80.196.119,10
2023-09-09,6.164.15.117,19
2023-09-09,6.22.147.38,10
2023-09-09,60.235.193.158,11
2023-09-09,61.38.248.207,22
2023-09-09,68.45.60.245,9
2023-09-09,71.129.81.34,13
2023-09-09,72.107.100.252,16
2023-09-09,77.23.212.147,10
2023-09-09,80.100.86.66,13
2023-09-09,81.67.220.223,7
2023-09-09,82.215.231.40,12
2023-09-09,82.78.15.92,16
2023-09-09,83.61.237.251,14
2023-09-09,85.148.142.235,11
2023-09-09,85.238.196.103,18
2023-09-09,9.237.76.62,10
2023-09-09,91.117.70.45,10
2023-09-09,93.71.126.96,18
2023-09-09,94.77.241.11,8
2023-09-09,95.41.51.48,12
2023-09-09,96.59.122.231,12
2023-09-09,98.251.72.67,16
2023-09-10,103.141.68.118,11
2023-09-10,106.9.172.208,12
2023-09-10,108.14.91.135,15
2023-09-10,11.146.91.144,9
2023-09-10,112.106.208.162,8
2023-09-10,112.121.42.14,10
2023-09-10,112.198.138.87,19
2023-09-10,113.143.159.76,15
2023-09-10,115.26.162.30,10
2023-09-10,116.35.21.107,10
2023-09-10,119.229.67.204,6
2023-09-10,120.171.161.153,4
2023-09-10,121.156.233.196,12
2023-09-10,124.71.22.17,10
2023-09-10,128.72.140.1,12
2023-09-10,128.90.167.75,14
2023-09-10,132.235.129.64,7
2023-09-10,133.5.3.153,12
2023-09-10,133.50.200.188,8
2023-09-10,135.172.158.108,6
2023-09-10,142.179.235.227,7
2023-09-10,149.228.82.148,6
2023-09-10,150.94.119.71,14
2023-09-10,154.14.153.129,8
2023-09-10,157.40.43.237,8
2023-09-10,157.49.237.90,14
2023-09-10,159.56.108.30,5
2023-09-10,167.184.119.28,10
2023-09-10,169.116.64.159,7
2023-09-10,169.91.60.68,8
2023-09-10,175.183.168.222,8
2023-09-10,177.185.218.155,10
2023-09-10,177.204.244.253,14
2023-09-10,178.104.194.160,6
2023-09-10,180.219.246.140,11
2023-09-10,181.59.230.250,7
2023-09-10,182.111.151.58,12
2023-09-10,184.6.166.14,13
2023-09-10,187.205.178.112,15
2023-09-10,192.225.185.90,17
2023-09-10,193.99.231.31,8
2023-09-10,196.190.126.40,8
2023-09-10,197.153.45.183,8
2023-09-10,2.193.145.160,14
2023-09-10,201.172.120.76,14
2023-09-10,203.187.75.226,4
2023-09-10,205.201.138.66,14
2023-09-10,211.1.224.73,12
2023-09-10,212.33.154.18,11
2023-09-10,213.229.200.130,6
2023-09-10,218.68.223.20,13
2023-09-10,219.49.199.239,14
2023-09-10,24.97.146.3,8
2023-09-10,29.39.69.232,9
2023-09-10,33.39.224.155,12
2023-09-10,34.235.169.44,13
2023-09-10,35.248.198.174,17
2023-09-10,37.84.136.243,12
2023-09-10,41.196.204.219,6
2023-09-10,42.245.199.156,17
2023-09-10,45.135.191.253,13
2023-09-10,57.15.137.206,9
2023-09-10,62.56.62.210,10
2023-09-10,63.173.110.164,14
2023-09-10,73.115.251.170,7
2023-09-10,73.64.104.41,10
2023-09-10,74.76.218.113,5
2023-09-10,78.135.207.230,11
2023-09-10,78.180.37.25,9
2023-09-10,8.146.173.156,14
2023-09-10,9.101.74.151,11
2023-09-10,93.148.236.157,12
2023-09-10,93.22.203.127,7
2023-09-10,95.194.220.197,8
2023-09-10,96.61.114.242,10
2023-09-10,99.103.109.197,15
2023-09-11,101.238.165.178,4
2023-09-11,103.71.83.226,10
2023-09-11,107.48.78.205,7
2023-09-11,108.220.199.238,8
2023-09-11,110.85.255.47,6
2023-09-11,115.253.180.232,5
2023-09-11,119.74.143.168,6
2023-09-11,12.215.3.4,2
2023-09-11,121.48.23.180,12
2023-09-11,123.61.84.161,4
2023-09-11,124.43.2.21,2
2023-09-11,126.247.229.39,6
2023-09-11,133.57.73.107,7
2023-09-11,134.163.227.167,7
2023-09-11,135.182.92.189,4
2023-09-11,138.55.157.118,7
2023-09-11,14.137.131.110,5
2023-09-11,140.185.66.151,4
2023-09-11,141.3.57.54,2
2023-09-11,142.39.222.76,4
2023-09-11,147.149.0.206,2
2023-09-11,147.49.205.76,5
2023-09-11,153.134.161.200,4
2023-09-11,162.147.43.214,5
2023-09-11,169.111.210.76,6
2023-09-11,169.116.232.137,5
2023-09-11,17.83.9.180,3
2023-09-11,170.60.88.38,8
2023-09-11,172.115.240.39,6
2023-09-11,175.144.229.155,3
2023-09-11,175.90.37.99,5
2023-09-11,177.98.200.131,7
2023-09-11,178.39.228.45,5
2023-09-11,18.96.173.118,4
2023-09-11,183.178.36.122,2
2023-09-11,184.10.149.46,8
2023-09-11,187.132.133.229,7
2023-09-11,188.70.210.190,7
2023-09-11,189.236.106.185,7
2023-09-11,19.3.88.2,14
2023-09-11,190.116.132.216,3
2023-09-11,190.96.3.83,7
2023-09-11,199.105.106.21,8
2023-09-11,20.94.50.244,5
2023-09-11,216.44.151.219,8
2023-09-11,218.230.41.178,3
2023-09-11,219.176.157.91,3
2023-09-11,220.250.94.89,3
2023-09-11,223.80.185.7,4
2023-09-11,24.177.34.88,9
2023-09-11,24.57.53.69,9
2023-09-11,27.109.137.131,8
2023-09-11,28.134.161.165,3
2023-09-11,29.109.209.161,5
2023-09-11,30.119.202.21,5
2023-09-11,36.160.135.150,2
2023-09-11,40.146.115.137,6
2023-09-11,40.183.244.182,3
2023-09-11,41.253.132.69,4
2023-09-11,43.93.160.51,6
2023-09-11,44.226.189.15,10
2023-09-11,45.63.131.187,8
2023-09-11,47.214.179.107,6
2023-09-11,52.120.60.253,5
2023-09-11,54.4.172.166,2
2023-09-11,55.62.138.253,6
2023-09-11,56.75.42.95,5
2023-09-11,57.90.63.251,2
2023-09-11,59.163.108.243,3
2023-09-11,62.254.242.50,5
2023-09-11,64.2.244.145,5
2023-09-11,65.100.146.40,6
2023-09-11,71.140.126.106,9
2023-09-11,73.112.212.46,8
2023-09-11,74.225.162.104,6
2023-09-11,74.246.62.72,5
2023-09-11,76.105.147.210,7
2023-09-11,77.150.2.67,7
2023-09-11,8.2.166.99,7
2023-09-11,8.57.70.142,4
2023-09-11,80.41.234.24,4
2023-09-11,81.41.40.176,2
2023-09-11,83.136.126.8,3
2023-09-11,83.201.133.131,4
2023-09-11,83.59.108.209,5
2023-09-11,87.150.10.31,8
2023-09-11,90.112.50.82,9
2023-09-11,91.136.58.146,4
2023-09-12,1.113.240.232,1
2023-09-12,100.232.81.80,2
2023-09-12,101.48.207.154,4
2023-09-12,106.127.84.178,4
2023-09-12,106.175.45.174,4
2023-09-12,106.34.84.163,3
2023-09-12,11.142.203.202,1
2023-09-12,111.15.99.163,9
2023-09-12,115.181.62.111,5
2023-09-12,115.85.38.82,1
2023-09-12,124.197.61.42,6
2023-09-12,125.45.14.243,4
2023-09-12,13.104.232.203,2
2023-09-12,135.200.6.76,3
2023-09-12,137.129.32.81,4
2023-09-12,138.209.227.13,1
2023-09-12,138.86.197.162,2
2023-09-12,14.137.240.70,5
2023-09-12,140.42.215.174,3
2023-09-12,148.125.108.71,4
2023-09-12,152.103.35.142,2
2023-09-12,154.3.170.221,4
2023-09-12,155.150.31.234,1
2023-09-12,155.197.196.55,2
2023-09-12,158.199.2.220,3
2023-09-12,158.254.67.247,3
2023-09-12,16.35.15.217,2
2023-09-12,163.46.108.102,1
2023-09-12,164.212.48.146,1
2023-09-12,166.138.46.176,3
2023-09-12,17.175.127.109,6
2023-09-12,185.76.192.120,5
2023-09-12,188.250.73.183,1
2023-09-12,191.77.253.87,1
2023-09-12,192.254.30.77,4
2023-09-12,193.162.45.106,1
2023-09-12,196.15.89.85,1
2023-09-12,196.5.67.175,6
2023-09-12,198.184.8.61,4
2023-09-12,198.97.235.86,2
2023-09-12,2.15.205.51,2
2023-09-12,20.198.71.46,1
2023-09-12,201.169.206.214,2
2023-09-12,202.96.229.180,6
2023-09-12,203.113.177.243,2
2023-09-12,203.183.124.4,2
2023-09-12,204.17.142.216,5
2023-09-12,215.12.148.77,1
2023-09-12,217.44.125.9,3
2023-09-12,22.18.154.154,4
2023-09-12,22.213.124.120,1
2023-09-12,23.99.114.148,7
2023-09-12,24.161.68.134,1
2023-09-12,24.165.146.144,1
2023-09-12,29.0.209.49,3
2023-09-12,29.231.162.191,6
2023-09-12,3.128.213.240,7
2023-09-12,30.102.189.168,2
2023-09-12,31.117.121.49,1
2023-09-12,35.224.103.226,3
2023-09-12,36.164.220.76,1
2023-09-12,37.250.81.161,5
2023-09-12,41.84.93.198,2
2023-09-12,45.109.248.19,2
2023-09-12,45.53.41.118,5
2023-09-12,51.184.21.218,4
2023-09-12,6.6.67.92,4
2023-09-12,63.132.52.106,4
2023-09-12,63.158.4.44,1
2023-09-12,64.34.187.223,4
2023-09-12,65.189.1.135,3
2023-09-12,65.2.92.113,2
2023-09-12,70.176.9.83,2
2023-09-12,70.191.62.83,4
2023-09-12,71.246.34.26,1
2023-09-12,74.130.234.70,1
2023-09-12,75.116.11.44,3
2023-09-12,77.15.119.53,4
2023-09-12,77.57.104.51,5
2023-09-12,79.213.64.96,1
2023-09-12,8.85.24.186,5
2023-09-12,80.168.152.242,2
2023-09-12,84.56.11.57,3
2023-09-12,85.227.18.9,6
2023-09-12,89.245.184.160,4
2023-09-12,90.104.132.183,1
2023-09-12,98.236.130.27,3
2023-09-12,99.53.251.67,4
2023-09-13,102.223.55.243,25
2023-09-13,111.187.60.194,44
2023-09-13,116.61.114.126,39
2023-09-13,117.84.22.23,36
2023-09-13,124.43.23.65,31
2023-09-13,129.178.95.125,47
2023-09-13,129.58.111.46,34
2023-09-13,13.45.155.54,30
2023-09-13,130.72.221.8,32
2023-09-13,137.105.62.205,49
2023-09-13,137.248.39.235,23
2023-09-13,145.249.154.39,38
2023-09-13,151.164.132.251,35
2023-09-13,157.116.60.231,45
2023-09-13,158.75.101.48,43
2023-09-13,160.167.77.4,36
2023-09-13,167.198.206.30,45
2023-09-13,168.140.129.11,39
2023-09-13,168.145.89.228,36
2023-09-13,179.31.80.181,35
2023-09-13,18.219.223.45,41
2023-09-13,184.216.153.169,30
2023-09-13,187.161.45.254,45
2023-09-13,194.236.152.165,28
2023-09-13,196.169.74.227,40
2023-09-13,198.32.80.106,35
2023-09-13,201.209.177.143,39
2023-09-13,203.53.7.80,29
2023-09-13,208.176.170.163,44
2023-09-13,209.150.75.89,32
2023-09-13,21.225.238.59,25
2023-09-13,217.39.16.9,35
2023-09-13,220.205.31.206,47
2023-09-13,24.225.42.40,35
2023-09-13,26.173.197.169,39
2023-09-13,29.249.49.205,27
2023-09-13,29.48.64.227,32
2023-09-13,3.145.27.142,32
2023-09-13,36.115.58.222,31
2023-09-13,4.17.229.66,32
2023-09-13,59.160.135.62,32
2023-09-13,65.16.160.165,33
2023-09-13,74.178.44.140,41
2023-09-13,76.170.220.209,37
2023-09-13,78.17.7.102,26
2023-09-13,8.192.69.33,34
2023-09-13,85.191.228.5,33
2023-09-13,90.189.63.139,41
2023-09-13,93.41.61.114,44
2023-09-13,97.12.85.28,35
2023-09-13,97.27.139.85,37
2023-09-13,99.162.189.235,24
2023-09-14,1.86.96.112,9
2023-09-14,10.194.52.235,10
2023-09-14,106.50.55.12,8
2023-09-14,110.123.249.23,12
2023-09-14,125.159.113.22,12
2023-09-14,126.152.176.11,10
2023-09-14,126.28.227.86,9
2023-09-14,133.192.214.199,8
2023-09-14,134.142.106.55,14
2023-09-14,138.168.237.107,17
2023-09-14,139.140.58.103,6
2023-09-14,14.123.108.150,15
2023-09-14,141.4.238.129,13
2023-09-14,142.250.93.152,17
2023-09-14,144.44.44.222,11
2023-09-14,149.31.101.195,11
2023-09-14,150.116.30.37,15
2023-09-14,158.162.16.169,11
2023-09-14,162.59.43.126,12
2023-09-14,163.225.107.199,8
2023-09-14,166.174.115.231,11
2023-09-14,166.99.202.92,8
2023-09-14,17.130.216.203,13
2023-09-14,171.92.149.50,9
2023-09-14,176.239.91.189,9
2023-09-14,18.10.116.6,13
2023-09-14,18.16.248.213,7
2023-09-14,184.75.138.81,7
2023-09-14,186.78.19.217,10
2023-09-14,195.142.137.95,10
2023-09-14,196.236.134.235,11
2023-09-14,199.163.190.4,9
2023-09-14,199.28.251.226,7
2023-09-14,199.65.84.74,16
2023-09-14,20.97.59.222,13
2023-09-14,212.100.126.95,12
2023-09-14,213.80.22.142,8
2023-09-14,217.59.79.45,8
2023-09-14,220.8.175.211,10
2023-09-14,221.102.232.194,7
2023-09-14,223.173.81.206,11
2023-09-14,24.244.254.228,9
2023-09-14,24.49.147.6,13
2023-09-14,25.177.39.90,11
2023-09-14,25.229.132.171,7
2023-09-14,25.35.52.74,14
2023-09-14,25.86.205.72,14
2023-09-14,26.148.145.89,14
2023-09-14,28.168.173.54,8
2023-09-14,30.99.210.190,10
2023-09-14,34.247.87.147,12
2023-09-14,34.27.240.79,15
2023-09-14,38.224.245.142,14
2023-09-14,40.231.177.251,19
2023-09-14,47.213.252.126,10
2023-09-14,47.28.115.90,12
2023-09-14,47.37.19.10,9
2023-09-14,48.83.131.243,11
2023-09-14,50.161.61.101,13
2023-09-14,52.179.184.0,12
2023-09-14,53.41.153.116,9
2023-09-14,53.51.121.71,8
2023-09-14,55.228.213.62,12
2023-09-14,59.141.204.96,17
2023-09-14,61.84.5.73,20
2023-09-14,66.252.244.47,11
2023-09-14,67.50.132.117,15
2023-09-14,68.210.44.135,13
2023-09-14,68.239.231.17,11
2023-09-14,69.124.26.12,10
2023-09-14,7.133.123.105,7
2023-09-14,7.16.44.97,8
2023-09-14,75.10.32.98,3
2023-09-14,75.250.12.21,7
2023-09-14,82.72.176.120,18
2023-09-14,84.157.138.142,11
2023-09-14,85.174.184.99,7
2023-09-14,91.247.133.139,10
2023-09-14,94.233.155.128,11
2023-09-14,95.37.38.74,12
2023-09-14,98.149.47.169,11
2023-09-15,10.0.169.233,18
2023-09-15,106.238.152.56,10
2023-09-15,107.135.172.109,15
2023-09-15,109.48.248.162,14
2023-09-15,109.6.126.95,17
2023-09-15,111.212.105.143,11
2023-09-15,118.255.63.186,18
2023-09-15,121.108.248.238,12
2023-09-15,121.24.157.9,13
2023-09-15,133.160.61.204,22
2023-09-15,135.47.121.130,13
2023-09-15,138.255.219.12,14
2023-09-15,140.46.23.3,12
2023-09-15,140.52.230.230,9
2023-09-15,143.20.134.188,16
2023-09-15,147.112.243.208,7
2023-09-15,151.14.12.214,15
2023-09-15,151.171.135.137,17
2023-09-15,152.127.177.129,17
2023-09-15,153.112.129.145,16
2023-09-15,154.64.52.66,12
2023-09-15,155.245.26.13,13
2023-09-15,155.246.65.225,15
2023-09-15,155.95.218.179,12
2023-09-15,157.17.206.113,14
2023-09-15,159.196.153.151,12
2023-09-15,161.20.182.188,14
2023-09-15,162.188.173.231,17
2023-09-15,163.125.119.80,23
2023-09-15,163.69.131.176,17
2023-09-15,166.14.153.92,13
2023-09-15,168.31.187.203,10
2023-09-15,170.107.30.200,17
2023-09-15,170.72.203.98,15
2023-09-15,179.239.140.201,19
2023-09-15,179.52.184.90,13
2023-09-15,18.237.87.230,13
2023-09-15,180.251.114.180,16
2023-09-15,185.121.206.89,7
2023-09-15,185.215.0.250,13
2023-09-15,19.109.250.183,15
2023-09-15,19.222.174.158,13
2023-09-15,191.93.63.95,15
2023-09-15,193.13.67.182,13
2023-09-15,193.45.221.105,11
2023-09-15,196.162.109.61,14
2023-09-15,196.62.85.178,13
2023-09-15,216.244.205.212,13
2023-09-15,219.150.159.20,8
2023-09-15,22.227.64.235,10
2023-09-15,220.73.59.105,16
2023-09-15,221.195.197.11,4
2023-09-15,221.32.96.23,11
2023-09-15,25.31.165.102,14
2023-09-15,29.234.226.0,14
2023-09-15,30.125.181.19,13
2023-09-15,37.59.218.118,20
2023-09-15,39.58.41.92,9
2023-09-15,40.105.241.107,15
2023-09-15,54.221.85.212,16
2023-09-15,55.46.247.250,14
2023-09-15,63.47.248.63,16
2023-09-15,67.205.233.217,10
2023-09-15,70.181.219.50,16
2023-09-15,75.138.91.193,12
2023-09-15,78.187.119.116,20
2023-09-15,79.218.39.162,15
2023-09-15,80.63.213.187,25
2023-09-15,83.80.201.132,16
2023-09-15,84.81.44.213,12
2023-09-15,88.39.206.180,14
2023-09-15,9.3.160.132,10
2023-09-15,90.79.226.213,12
2023-09-15,92.26.106.92,13
2023-09-16,10.68.121.83,14
2023-09-16,105.29.146.12,8
2023-09-16,11.84.247.217,11
2023-09-16,110.185.129.53,19
2023-09-16,111.196.187.88,8
2023-09-16,113.136.27.63,15
2023-09-16,116.70.124.191,13
2023-09-16,12.192.8.235,18
2023-09-16,120.142.33.206,2
2023-09-16,120.145.121.251,12
2023-09-16,120.72.76.133,16
2023-09-16,122.218.242.24,7
2023-09-16,123.108.139.40,11
2023-09-16,123.128.251.190,9
2023-09-16,123.142.152.211,10
2023-09-16,125.39.103.226,17
2023-09-16,139.61.74.236,15
2023-09-16,140.109.152.18,15
2023-09-16,141.98.222.21,9
2023-09-16,143.151.160.73,8
2023-09-16,144.82.111.100,12
2023-09-16,145.163.32.9,5
2023-09-16,153.169.103.140,13
2023-09-16,157.90.126.16,16
2023-09-16,159.118.143.82,12
2023-09-16,162.90.235.15,10
2023-09-16,166.43.54.98,15
2023-09-16,17.214.99.121,16
2023-09-16,170.167.114.71,14
2023-09-16,181.179.138.222,11
2023-09-16,183.0.108.190,12
2023-09-16,187.151.254.223,11
2023-09-16,193.87.206.12,12
2023-09-16,194.14.212.5,10
2023-09-16,2.239.64.92,8
2023-09-16,201.251.88.142,15
2023-09-16,203.38.95.149,18
2023-09-16,206.182.15.208,12
2023-09-16,206.2.31.252,11
2023-09-16,211.21.35.51,11
2023-09-16,22.243.132.79,23
2023-09-16,25.79.15.161,11
2023-09-16,29.178.19.27,12
2023-09-16,29.74.100.52,14
2023-09-16,3.166.102.197,12
2023-09-16,32.44.208.204,14
2023-09-16,33.127.12.254,16
2023-09-16,36.111.82.180,4
2023-09-16,38.65.211.194,9
2023-09-16,41.222.221.201,15
2023-09-16,41.56.244.170,17
2023-09-16,42.193.107.190,19
2023-09-16,43.77.59.214,9
2023-09-16,46.136.30.241,15
2023-09-16,51.132.188.46,14
2023-09-16,56.95.75.138,7
2023-09-16,58.176.51.164,14
2023-09-16,59.20.184.50,22
2023-09-16,67.34.64.205,8
2023-09-16,73.7.97.64,9
2023-09-16,74.196.67.79,14
2023-09-16,75.251.212.198,9
2023-09-16,81.78.100.213,15
2023-09-16,87.160.68.94,18
2023-09-16,92.27.203.49,3
2023-09-16,96.16.238.234,9
2023-09-16,99.13.164.155,8
2023-09-17,108.75.100.251,10
2023-09-17,112.169.248.2,8
2023-09-17,115.52.37.38,11
2023-09-17,116.21.140.84,13
2023-09-17,119.96.39.254,10
2023-09-17,125.52.25.29,11
2023-09-17,131.160.151.170,9
2023-09-17,138.212.117.61,11
2023-09-17,139.10.132.15,14
2023-09-17,149.228.245.151,8
2023-09-17,15.217.155.143,14
2023-09-17,150.168.189.175,11
2023-09-17,155.242.96.20,11
2023-09-17,165.155.88.47,14
2023-09-17,165.250.17.121,9
2023-09-17,170.206.248.235,9
2023-09-17,171.156.37.71,15
2023-09-17,172.130.40.110,13
2023-09-17,190.147.145.238,8
2023-09-17,190.225.30.185,14
2023-09-17,192.227.58.108,13
2023-09-17,194.123.152.62,9
2023-09-17,2.114.109.8,7
2023-09-17,201.193.138.10,9
2023-09-17,201.243.41.202,9
2023-09-17,204.173.38.137,10
2023-09-17,205.26.22.79,11
2023-09-17,205.56.36.152,9
2023-09-17,212.197.29.75,12
2023-09-17,219.170.86.164,11
2023-09-17,219.65.192.179,15
2023-09-17,223.145.159.250,11
2023-09-17,223.230.218.70,17
2023-09-17,23.222.50.82,14
2023-09-17,24.45.130.95,10
2023-09-17,27.221.206.101,14
2023-09-17,32.240.233.90,9
2023-09-17,39.150.89.174,15
2023-09-17,41.118.246.90,7
2023-09-17,41.80.50.229,8
2023-09-17,43.251.8.137,12
2023-09-17,5.112.174.221,11
2023-09-17,5.218.58.131,16
2023-09-17,58.146.75.9,11
2023-09-17,6.55.118.92,8
2023-09-17,63.113.191.200,14
2023-09-17,63.138.130.54,11
2023-09-17,64.52.44.247,13
2023-09-17,65.114.33.244,14
2023-09-17,66.18.10.189,11
2023-09-17,72.128.9.203,11
2023-09-17,75.186.60.67,14
2023-09-17,78.147.87.241,13
2023-09-17,79.117.204.83,14
2023-09-17,81.109.113.101,13
2023-09-17,83.111.105.92,17
2023-09-17,83.243.41.119,6
2023-09-17,83.245.201.199,15
2023-09-17,86.254.129.225,9
2023-09-17,86.34.21.95,10
2023-09-17,88.235.94.152,13
2023-09-17,91.202.239.2,14
2023-09-17,95.231.167.237,14
2023-09-17,96.28.213.186,20
2023-09-17,97.96.60.7,12
2023-09-18,100.219.85.187,6
2023-09-18,102.9.206.68,11
2023-09-18,115.231.86.217,12
2023-09-18,120.172.49.92,10
2023-09-18,120.184.153.26,13
2023-09-18,121.255.7.108,8
2023-09-18,123.83.115.154,9
2023-09-18,13.71.62.96,7
2023-09-18,136.28.244.213,13
2023-09-18,14.251.22.215,10
2023-09-18,140.79.131.254,10
2023-09-18,141.19.42.5,4
2023-09-18,143.152.206.34,5
2023-09-18,147.144.169.251,9
2023-09-18,15.96.194.93,12
2023-09-18,153.78.133.123,19
2023-09-18,157.128.92.112,8
2023-09-18,157.84.22.212,11
2023-09-18,159.150.149.68,8
2023-09-18,16.254.114.94,17
2023-09-18,162.138.70.64,8
2023-09-18,168.243.174.85,8
2023-09-18,171.219.178.32,6
2023-09-18,172.104.86.180,6
2023-09-18,178.36.169.30,8
2023-09-18,18.196.155.184,6
2023-09-18,188.98.222.148,12
2023-09-18,189.106.41.12,8
2023-09-18,196.47.231.68,12
2023-09-18,200.93.254.241,6
2023-09-18,207.20.5.133,13
2023-09-18,22.57.135.130,13
2023-09-18,42.209.4.248,8
2023-09-18,46.43.149.120,10
2023-09-18,47.209.238.141,8
2023-09-18,49.121.120.42,14
2023-09-18,50.204.160.220,21
2023-09-18,71.25.62.100,16
2023-09-18,71.92.99.144,10
2023-09-18,73.55.199.239,8
2023-09-18,78.196.69.185,10
2023-09-18,78.244.39.81,12
2023-09-18,83.166.236.26,10
2023-09-18,83.218.83.24,11
2023-09-18,83.76.219.83,9
2023-09-18,90.22.243.96,13
2023-09-18,94.65.178.100,9
2023-09-18,95.140.157.254,14
2023-09-18,95.200.67.8,11
2023-09-18,96.84.24.124,8
2023-09-19,10.74.24.187,18
2023-09-19,100.29.109.106,22
2023-09-19,101.101.19.113,21
2023-09-19,103.154.52.227,15
2023-09-19,104.238.160.172,21
2023-09-19,106.217.44.101,20
2023-09-19,117.238.40.86,17
2023-09-19,118.107.17.222,11
2023-09-19,118.118.33.24,13
2023-09-19,119.131.9.223,18
2023-09-19,125.46.224.22,17
2023-09-19,135.17.141.217,18
2023-09-19,138.3.166.251,17
2023-09-19,142.1.87.73,14
2023-09-19,142.166.235.205,16
2023-09-19,143.221.112.168,17
2023-09-19,144.185.132.53,16
2023-09-19,146.143.12.93,23
2023-09-19,148.115.128.189,28
2023-09-19,150.48.89.63,14
2023-09-19,151.230.50.132,14
2023-09-19,156.107.190.209,22
2023-09-19,157.122.51.138,20
2023-09-19,161.252.227.84,22
2023-09-19,165.193.73.49,14
2023-09-19,165.50.178.20,20
2023-09-19,166.107.223.81,29
2023-09-19,168.217.249.46,27
2023-09-19,168.45.197.149,21
2023-09-19,169.115.55.19,16
2023-09-19,169.7.73.40,22
2023-09-19,178.26.109.19,16
2023-09-19,18.171.249.58,20
2023-09-19,181.119.168.233,20
2023-09-19,182.132.247.86,24
2023-09-19,184.66.174.214,21
2023-09-19,192.178.252.237,31
2023-09-19,193.218.194.111,18
2023-09-19,197.20.50.234,19
2023-09-19,199.162.34.102,11
2023-09-19,199.207.130.177,25
2023-09-19,202.126.227.164,19
2023-09-19,203.158.6.29,12
2023-09-19,203.91.121.249,14
2023-09-19,204.40.57.213,27
2023-09-19,206.204.242.72,19
2023-09-19,21.82.255.1,18
2023-09-19,210.112.56.214,25
2023-09-19,22.175.194.221,19
2023-09-19,220.163.232.183,26
2023-09-19,222.145.253.163,14
2023-09-19,223.128.61.185,15
2023-09-19,23.196.12.247,13
2023-09-19,24.113.27.140,18
2023-09-19,24.156.36.241,10
2023-09-19,24.19.183.247,13
2023-09-19,25.75.143.16,17
2023-09-19,27.125.86.32,16
2023-09-19,30.35.212.231,30
2023-09-19,32.177.186.17,21
2023-09-19,35.27.228.171,15
2023-09-19,37.199.246.26,17
2023-09-19,42.5.62.202,14
2023-09-19,43.63.218.135,17
2023-09-19,44.122.248.11,14
2023-09-19,45.109.157.106,19
2023-09-19,5.11.182.244,19
2023-09-19,55.143.242.197,23
2023-09-19,59.155.61.236,24
2023-09-19,62.55.5.141,14
2023-09-19,62.96.31.218,14
2023-09-19,63.195.80.211,19
2023-09-19,67.145.30.175,20
2023-09-19,69.163.72.145,19
2023-09-19,71.152.253.155,23
2023-09-19,71.247.171.51,30
2023-09-19,81.112.6.54,13
2023-09-19,84.160.179.11,16
2023-09-19,84.181.90.23,17
2023-09-19,88.143.203.138,18
2023-09-19,89.99.63.154,13
2023-09-19,91.4.36.86,21
2023-09-19,92.73.10.156,23
2023-09-20,105.176.243.93,17
2023-09-20,108.138.76.91,12
2023-09-20,110.140.253.221,10
2023-09-20,113.212.223.130,15
2023-09-20,113.50.89.127,14
2023-09-20,116.11.214.192,15
2023-09-20,119.40.214.235,10
2023-09-20,12.146.29.81,10
2023-09-20,120.179.28.152,14
2023-09-20,126.123.216.94,10
2023-09-20,128.202.199.251,19
2023-09-20,128.37.26.142,11
2023-09-20,135.174.77.102,14
2023-09-20,136.9.181.85,19
2023-09-20,143.5.161.164,12
2023-09-20,146.102.236.229,14
2023-09-20,151.122.86.234,13
2023-09-20,155.13.102.28,13
2023-09-20,163.226.126.32,11
2023-09-20,169.117.16.67,12
2023-09-20,169.203.254.206,12
2023-09-20,169.248.248.102,14
2023-09-20,170.0.12.177,19
2023-09-20,170.136.240.94,14
2023-09-20,170.71.252.190,11
2023-09-20,171.67.18.17,10
2023-09-20,178.187.164.193,8
2023-09-20,195.124.153.130,15
2023-09-20,196.123.29.194,12
2023-09-20,200.213.183.180,11
2023-09-20,205.18.107.105,15
2023-09-20,209.225.19.128,11
2023-09-20,209.47.238.9,24
2023-09-20,217.215.22.5,10
2023-09-20,222.98.237.186,14
2023-09-20,26.149.237.244,14
2023-09-20,26.63.8.229,17
2023-09-20,27.139.112.25,17
2023-09-20,29.252.220.127,17
2023-09-20,30.15.209.109,14
2023-09-20,30.204.53.106,11
2023-09-20,33.44.112.141,7
2023-09-20,42.247.11.150,18
2023-09-20,43.215.45.86,20
2023-09-20,44.146.89.39,17
2023-09-20,44.248.66.44,10
2023-09-20,46.144.246.216,9
2023-09-20,49.225.127.47,8
2023-09-20,6.128.31.215,13
2023-09-20,66.221.45.29,10
2023-09-20,66.227.180.178,13
2023-09-20,70.235.69.222,14
2023-09-20,71.31.240.87,15
2023-09-20,74.203.212.156,8
2023-09-20,75.60.164.32,10
2023-09-20,77.216.241.243,8
2023-09-20,80.100.250.200,9
2023-09-20,83.32.136.86,17
2023-09-20,89.58.31.77,13
2023-09-20,94.62.106.14,13
2023-09-20,97.170.67.45,8
2023-09-21,105.73.100.187,2
2023-09-21,112.85.250.203,3
2023-09-21,114.115.128.63,5
2023-09-21,118.2.49.66,2
2023-09-21,123.131.90.163,1
2023-09-21,125.230.128.133,3
2023-09-21,129.159.111.58,6
2023-09-21,133.171.122.92,9
2023-09-21,135.189.61.4,1
2023-09-21,136.155.151.20,3
2023-09-21,136.170.44.154,7
2023-09-21,141.89.54.37,9
2023-09-21,143.35.129.247,7
2023-09-21,146.252.105.211,1
2023-09-21,15.252.118.157,6
2023-09-21,152.60.64.154,4
2023-09-21,155.137.202.233,2
2023-09-21,155.210.213.155,6
2023-09-21,156.101.159.96,4
2023-09-21,156.149.252.102,2
2023-09-21,158.18.29.241,7
2023-09-21,16.95.103.220,7
2023-09-21,160.42.64.34,7
2023-09-21,161.181.102.1,7
2023-09-21,161.199.243.80,6
2023-09-21,161.4.22.135,4
2023-09-21,162.160.124.15,2
2023-09-21,164.233.88.187,5
2023-09-21,165.22.101.75,3
2023-09-21,17.239.166.217,6
2023-09-21,17.80.123.69,4
2023-09-21,171.178.70.10,4
2023-09-21,172.93.132.254,3
2023-09-21,174.224.113.9,9
2023-09-21,175.200.133.212,6
2023-09-21,176.43.230.119,3
2023-09-21,179.118.138.85,3
2023-09-21,183.247.200.246,3
2023-09-21,184.231.65.242,9
2023-09-21,186.125.226.60,1
2023-09-21,186.26.39.238,5
2023-09-21,188.251.117.173,7
2023-09-21,191.140.11.55,7
2023-09-21,197.156.238.148,8
2023-09-21,199.149.3.239,4
2023-09-21,202.102.221.39,4
2023-09-21,206.131.155.49,6
2023-09-21,208.165.174.141,6
2023-09-21,209.126.193.13,3
2023-09-21,210.10.126.58,3
2023-09-21,213.115.75.93,3
2023-09-21,214.193.127.209,4
2023-09-21,215.63.119.133,3
2023-09-21,219.85.96.163,5
2023-09-21,223.218.9.29,5
2023-09-21,223.77.192.146,3
2023-09-21,29.208.122.100,3
2023-09-21,3.161.3.179,8
2023-09-21,31.42.225.151,5
2023-09-21,34.200.181.205,6
2023-09-21,35.133.203.104,5
2023-09-21,49.149.245.17,6
2023-09-21,5.40.120.252,2
2023-09-21,53.61.137.99,5
2023-09-21,54.85.170.67,7
2023-09-21,55.124.146.223,5
2023-09-21,55.79.172.27,1
2023-09-21,56.126.84.94,2
2023-09-21,56.76.139.58,4
2023-09-21,60.92.32.236,5
2023-09-21,62.53.170.169,2
2023-09-21,63.0.193.255,3
2023-09-21,63.162.105.41,8
2023-09-21,63.32.118.104,2
2023-09-21,65.199.14.159,10
2023-09-21,67.104.243.5,2
2023-09-21,67.107.246.127,3
2023-09-21,67.120.139.129,7
2023-09-21,69.197.224.89,3
2023-09-21,69.61.116.146,3
2023-09-21,69.71.118.19,4
2023-09-21,70.206.117.115,1
2023-09-21,74.136.133.236,2
2023-09-21,74.64.203.137,7
2023-09-21,78.51.226.52,6
2023-09-21,8.56.179.11,4
2023-09-21,83.145.194.249,3
2023-09-21,88.79.116.240,5
2023-09-21,89.119.38.3,3
2023-09-21,90.173.58.174,6
2023-09-21,96.61.221.94,4
2023-09-21,98.69.232.99,4
2023-09-21,99.128.206.37,2
2023-09-22,10.164.58.184,6
2023-09-22,101.114.27.88,7
2023-09-22,101.116.21.108,3
2023-09-22,104.152.119.192,4
2023-09-22,104.186.39.49,9
2023-09-22,114.17.123.230,10
2023-09-22,114.87.160.8,9
2023-09-22,115.98.146.123,7
2023-09-22,119.53.13.34,6
2023-09-22,124.252.252.39,4
2023-09-22,125.13.166.77,3
2023-09-22,125.61.255.67,6
2023-09-22,133.240.124.222,4
2023-09-22,143.62.167.37,3
2023-09-22,146.255.78.77,9
2023-09-22,147.0.102.229,4
2023-09-22,153.232.49.136,6
2023-09-22,156.177.198.111,6
2023-09-22,158.212.120.98,5
2023-09-22,158.29.160.174,7
2023-09-22,160.28.198.197,5
2023-09-22,160.40.249.126,6
2023-09-22,160.87.6.148,5
2023-09-22,164.96.65.108,13
2023-09-22,165.26.86.239,5
2023-09-22,165.47.57.161,7
2023-09-22,167.97.168.20,5
2023-09-22,168.112.84.200,7
2023-09-22,168.121.244.12,8
2023-09-22,168.248.27.229,6
2023-09-22,169.64.2.90,8
2023-09-22,170.156.226.144,5
2023-09-22,171.74.51.223,9
2023-09-22,18.0.207.46,4
2023-09-22,182.167.118.72,8
2023-09-22,183.212.237.6,5
2023-09-22,190.17.182.234,6
2023-09-22,194.122.157.238,8
2023-09-22,195.118.217.241,4
2023-09-22,196.129.121.248,6
2023-09-22,197.10.151.37,3
2023-09-22,197.163.60.224,6
2023-09-22,2.121.65.75,7
2023-09-22,2.146.158.76,1
2023-09-22,2.152.204.150,7
2023-09-22,203.32.17.9,5
2023-09-22,204.165.251.220,3
2023-09-22,209.125.175.50,7
2023-09-22,213.61.112.214,7
2023-09-22,218.173.229.80,2
2023-09-22,218.208.234.21,6
2023-09-22,219.4.153.98,7
2023-09-22,222.59.204.56,6
2023-09-22,24.245.90.201,4
2023-09-22,27.189.146.185,5
2023-09-22,27.72.210.20,10
2023-09-22,29.79.238.45,7
2023-09-22,41.246.56.175,7
2023-09-22,42.18.190.30,4
2023-09-22,49.48.30.171,9
2023-09-22,59.170.117.249,5
2023-09-22,59.88.2.47,6
2023-09-22,61.237.171.246,2
2023-09-22,61.80.132.248,3
2023-09-22,63.81.160.120,7
2023-09-22,68.217.167.220,5
2023-09-22,76.246.197.3,7
2023-09-22,77.186.113.101,5
2023-09-22,78.142.77.179,7
2023-09-22,92.124.231.53,7
2023-09-22,95.208.122.125,7
2023-09-23,10.36.46.125,18
2023-09-23,100.49.86.18,20
2023-09-23,11.226.90.100,15
2023-09-23,112.27.70.6,12
2023-09-23,112.55.181.58,13
2023-09-23,113.80.197.109,16
2023-09-23,118.145.227.8,11
2023-09-23,119.252.66.57,12
2023-09-23,133.124.65.213,18
2023-09-23,137.212.117.105,16
2023-09-23,138.250.153.230,14
2023-09-23,142.197.8.97,21
2023-09-23,147.214.226.218,6
2023-09-23,150.133.187.128,22
2023-09-23,152.83.148.193,8
2023-09-23,155.103.130.147,10
2023-09-23,158.32.43.56,11
2023-09-23,159.15.238.113,15
2023-09-23,159.206.123.155,14
2023-09-23,16.242.33.147,11
2023-09-23,163.104.148.241,10
2023-09-23,166.243.160.247,13
2023-09-23,17.93.228.16,16
2023-09-23,171.183.59.106,13
2023-09-23,172.76.65.132,16
2023-09-23,177.99.219.200,9
2023-09-23,178.25.73.3,16
2023-09-23,178.51.51.88,13
2023-09-23,179.44.9.187,14
2023-09-23,18.70.160.222,12
2023-09-23,182.177.216.90,15
2023-09-23,184.138.254.156,17
2023-09-23,191.192.26.44,7
2023-09-23,194.255.144.137,13
2023-09-23,200.49.23.232,16
2023-09-23,201.235.242.117,12
2023-09-23,204.131.74.165,17
2023-09-23,204.51.243.1,8
2023-09-23,208.133.159.195,10
2023-09-23,21.34.143.244,13
2023-09-23,211.105.122.41,25
2023-09-23,211.137.155.134,10
2023-09-23,212.149.119.220,13
2023-09-23,213.149.78.147,14
2023-09-23,215.5.212.63,16
2023-09-23,216.159.131.204,12
2023-09-23,29.19.32.137,16
2023-09-23,30.227.240.44,13
2023-09-23,30.251.111.175,12
2023-09-23,35.142.198.76,9
2023-09-23,36.123.78.37,16
2023-09-23,37.212.202.99,18
2023-09-23,45.161.188.230,13
2023-09-23,47.178.219.205,15
2023-09-23,5.206.89.178,16
2023-09-23,51.167.182.229,17
2023-09-23,53.27.253.183,15
2023-09-23,58.208.254.9,13
2023-09-23,59.194.231.15,10
2023-09-23,62.140.70.212,21
2023-09-23,62.149.56.201,13
2023-09-23,64.73.76.4,12
2023-09-23,67.220.148.23,23
2023-09-23,69.76.133.223,16
2023-09-23,72.61.87.132,11
2023-09-23,74.139.225.113,9
2023-09-23,77.34.247.195,19
2023-09-23,79.108.196.133,14
2023-09-23,79.94.72.123,13
2023-09-23,82.136.112.169,21
2023-09-23,82.243.198.138,13
2023-09-23,82.244.84.206,13
2023-09-23,85.138.244.40,13
2023-09-23,88.186.133.126,13
2023-09-23,91.109.38.186,14
2023-09-23,97.32.49.166,19
2023-09-23,98.165.32.251,14
2023-09-23,98.183.6.139,20
2023-09-24,101.189.50.167,43
2023-09-24,103.224.242.235,31
2023-09-24,107.179.39.156,36
2023-09-24,110.30.146.76,32
2023-09-24,119.161.1.246,22
2023-09-24,121.226.255.148,31
2023-09-24,122.203.52.52,22
2023-09-24,122.245.248.73,16
2023-09-24,129.116.96.196,33
2023-09-24,134.185.99.163,36
2023-09-24,134.227.143.96,32
2023-09-24,136.68.110.121,24
2023-09-24,139.46.73.138,27
2023-09-24,14.185.24.61,34
2023-09-24,14.224.236.182,33
2023-09-24,143.200.237.175,32
2023-09-24,145.28.148.21,34
2023-09-24,155.122.17.156,28
2023-09-24,156.115.131.155,36
2023-09-24,156.123.105.163,34
2023-09-24,157.238.1.251,36
2023-09-24,162.71.25.198,25
2023-09-24,165.83.38.14,32
2023-09-24,171.222.61.174,25
2023-09-24,19.179.209.133,33
2023-09-24,192.174.29.8,35
2023-09-24,195.202.187.70,31
2023-09-24,209.188.116.158,32
2023-09-24,213.119.235.36,30
2023-09-24,213.158.198.138,23
2023-09-24,30.198.176.79,28
2023-09-24,32.152.0.247,31
2023-09-24,34.62.38.104,22
2023-09-24,36.5.89.158,22
2023-09-24,40.143.18.81,32
2023-09-24,40.234.39.106,20
2023-09-24,44.140.208.146,28
2023-09-24,48.103.93.199,32
2023-09-24,48.171.89.207,20
2023-09-24,5.128.105.202,28
2023-09-24,51.28.38.50,37
2023-09-24,54.139.195.41,36
2023-09-24,54.217.172.225,29
2023-09-24,58.116.206.26,25
2023-09-24,59.224.196.178,24
2023-09-24,60.200.47.16,32
2023-09-24,62.97.84.243,21
2023-09-24,64.124.28.223,31
2023-09-24,66.240.160.104,36
2023-09-24,66.39.12.230,31
2023-09-24,76.42.174.75,32
2023-09-24,87.238.163.237,31
2023-09-24,9.113.136.121,27
2023-09-24,90.69.115.225,34
2023-09-24,91.118.252.255,28
2023-09-24,92.106.254.95,34
2023-09-24,93.140.70.179,24
2023-09-24,93.50.233.26,31
2023-09-24,99.170.93.98,28
2023-09-25,101.28.139.120,16
2023-09-25,105.169.37.100,10
2023-09-25,108.45.170.218,11
2023-09-25,110.59.34.82,8
2023-09-25,114.248.17.203,14
2023-09-25,115.151.77.184,11
2023-09-25,117.238.133.53,4
2023-09-25,119.141.26.23,10
2023-09-25,121.237.235.132,12
2023-09-25,123.5.136.55,6
2023-09-25,124.17.83.162,8
2023-09-25,124.38.121.133,7
2023-09-25,128.92.18.243,11
2023-09-25,129.72.8.31,13
2023-09-25,129.96.119.36,13
2023-09-25,130.177.74.229,5
2023-09-25,131.197.141.202,10
2023-09-25,132.153.183.193,17
2023-09-25,133.18.70.10,15
2023-09-25,142.15.13.128,17
2023-09-25,143.102.136.191,13
2023-09-25,146.45.28.223,13
2023-09-25,147.48.90.21,6
2023-09-25,149.46.149.241,11
2023-09-25,152.201.22.217,9
2023-09-25,153.236.136.56,13
2023-09-25,160.48.185.235,12
2023-09-25,164.17.148.58,16
2023-09-25,164.235.183.50,8
2023-09-25,164.45.150.149,9
2023-09-25,168.135.110.95,8
2023-09-25,168.239.91.90,16
2023-09-25,17.117.73.162,13
2023-09-25,172.244.138.138,9
2023-09-25,176.188.74.188,14
2023-09-25,182.60.44.4,3
2023-09-25,185.30.90.194,11
2023-09-25,191.117.129.24,9
2023-09-25,191.53.90.60,13
2023-09-25,194.213.230.58,9
2023-09-25,195.51.75.255,9
2023-09-25,202.93.246.21,7
2023-09-25,203.70.110.18,11
2023-09-25,204.66.197.246,9
2023-09-25,208.113.217.138,15
2023-09-25,208.233.156.249,11
2023-09-25,209.33.186.117,15
2023-09-25,214.48.229.11,13
2023-09-25,217.233.140.83,21
2023-09-25,218.0.24.32,9
2023-09-25,218.124.182.196,14
2023-09-25,220.237.137.219,8
2023-09-25,222.48.215.98,6
2023-09-25,24.126.122.84,9
2023-09-25,24.146.124.130,11
2023-09-25,27.247.111.3,9
2023-09-25,27.96.0.164,11
2023-09-25,28.247.182.167,13
2023-09-25,3.237.56.45,8
2023-09-25,30.41.61.6,14
2023-09-25,30.81.196.187,6
2023-09-25,36.214.136.85,10
2023-09-25,36.44.90.208,19
2023-09-25,37.180.105.168,13
2023-09-25,40.78.195.161,7
2023-09-25,41.13.164.214,9
2023-09-25,42.41.27.121,2
2023-09-25,51.184.57.227,11
2023-09-25,52.208.90.93,12
2023-09-25,52.89.182.238,17
2023-09-25,56.169.64.13,11
2023-09-25,56.232.71.223,15
2023-09-25,6.203.211.207,10
2023-09-25,60.177.99.232,13
2023-09-25,61.195.95.68,16
2023-09-25,66.206.114.105,6
2023-09-25,67.228.49.201,10
2023-09-25,69.239.218.209,10
2023-09-25,74.100.218.229,15
2023-09-25,81.101.60.203,8
2023-09-25,82.113.188.52,11
2023-09-25,84.208.63.201,12
2023-09-25,84.217.167.128,13
2023-09-25,86.229.202.107,9
2023-09-25,9.33.127.6,15
2023-09-25,9.62.104.141,12
2023-09-25,95.213.30.60,9
2023-09-25,96.79.87.34,10
2023-09-25,97.192.25.235,12
2023-09-25,97.75.85.121,9
2023-09-25,99.76.188.64,7
2023-09-26,103.120.252.184,19
2023-09-26,105.186.48.67,32
2023-09-26,108.172.58.164,23
2023-09-26,108.74.60.179,18
2023-09-26,11.160.107.167,25
2023-09-26,113.50.119.234,22
2023-09-26,114.226.61.250,23
2023-09-26,122.92.175.24,21
2023-09-26,13.246.12.132,23
2023-09-26,134.67.205.118,32
2023-09-26,140.31.160.244,25
2023-09-26,142.31.15.156,28
2023-09-26,144.16.170.98,29
2023-09-26,15.62.193.116,21
2023-09-26,150.8.251.118,23
2023-09-26,156.31.181.136,28
2023-09-26,158.26.130.202,29
2023-09-26,164.33.99.244,29
2023-09-26,166.185.0.43,23
2023-09-26,169.225.53.219,17
2023-09-26,17.93.65.108,27
2023-09-26,174.233.90.36,23
2023-09-26,179.133.53.98,23
2023-09-26,179.16.153.141,26
2023-09-26,187.233.92.22,23
2023-09-26,19.1.128.227,23
2023-09-26,190.103.121.119,26
2023-09-26,192.100.237.28,25
2023-09-26,203.57.114.36,29
2023-09-26,207.164.45.131,21
2023-09-26,209.128.37.35,19
2023-09-26,211.130.9.186,24
2023-09-26,217.194.173.32,17
2023-09-26,218.196.22.15,19
2023-09-26,221.102.190.112,27
2023-09-26,29.220.198.208,22
2023-09-26,3.87.121.103,21
2023-09-26,32.139.120.221,36
2023-09-26,32.9.59.186,17
2023-09-26,33.240.37.96,21
2023-09-26,33.97.37.34,20
2023-09-26,42.182.136.25,17
2023-09-26,48.125.78.149,19
2023-09-26,48.91.173.205,16
2023-09-26,49.170.62.193,26
2023-09-26,49.192.14.14,28
2023-09-26,5.3.5.9,27
2023-09-26,55.187.142.46,21
2023-09-26,61.229.3.208,19
2023-09-26,63.117.46.50,22
2023-09-26,66.77.221.50,19
2023-09-26,68.244.114.33,25
2023-09-26,72.188.58.153,22
2023-09-26,78.33.110.111,17
2023-09-26,83.0.63.89,29
2023-09-26,84.146.153.235,18
2023-09-26,87.236.212.36,19
2023-09-26,87.67.117.73,28
2023-09-26,94.211.170.194,28
2023-09-27,103.252.150.138,4
2023-09-27,107.187.77.231,4
2023-09-27,111.218.245.96,2
2023-09-27,116.187.138.153,6
2023-09-27,118.38.229.92,4
2023-09-27,122.71.186.163,2
2023-09-27,132.112.16.59,3
2023-09-27,132.31.83.135,3
2023-09-27,135.236.93.51,1
2023-09-27,136.175.171.234,6
2023-09-27,138.48.24.2,8
2023-09-27,144.224.163.150,2
2023-09-27,147.101.29.238,4
2023-09-27,147.248.249.194,2
2023-09-27,148.15.46.115,1
2023-09-27,149.199.120.250,4
2023-09-27,158.254.243.199,4
2023-09-27,160.210.193.58,8
2023-09-27,160.23.186.73,5
2023-09-27,163.51.19.179,7
2023-09-27,165.41.112.48,5
2023-09-27,168.127.41.160,1
2023-09-27,17.221.12.34,2
2023-09-27,174.162.61.61,4
2023-09-27,176.30.194.197,4
2023-09-27,178.71.5.18,8
2023-09-27,179.150.103.238,3
2023-09-27,186.18.185.152,4
2023-09-27,186.22.95.194,4
2023-09-27,187.62.107.212,5
2023-09-27,193.126.5.155,7
2023-09-27,193.195.191.108,2
2023-09-27,194.116.193.223,3
2023-09-27,2.60.28.19,4
2023-09-27,201.140.119.101,5
2023-09-27,204.107.52.120,2
2023-09-27,211.244.254.48,2
2023-09-27,211.6.250.202,5
2023-09-27,214.10.141.68,6
2023-09-27,218.155.226.4,5
2023-09-27,221.52.200.32,6
2023-09-27,25.57.182.164,4
2023-09-27,26.239.195.86,4
2023-09-27,32.48.61.183,5
2023-09-27,34.153.202.7,3
2023-09-27,38.178.45.241,1
2023-09-27,4.188.199.160,1
2023-09-27,41.239.24.54,2
2023-09-27,46.15.106.84,5
2023-09-27,46.61.52.65,5
2023-09-27,47.51.64.147,5
2023-09-27,55.43.19.222,6
2023-09-27,57.39.7.120,3
2023-09-27,61.35.190.113,2
2023-09-27,61.43.16.24,5
2023-09-27,65.138.16.162,5
2023-09-27,65.46.14.215,2
2023-09-27,66.29.105.235,3
2023-09-27,69.13.77.107,4
2023-09-27,70.0.111.187,4
2023-09-27,70.56.70.89,3
2023-09-27,72.103.136.154,2
2023-09-27,78.157.168.204,5
2023-09-27,81.157.30.107,2
2023-09-27,95.210.81.93,2
2023-09-27,95.77.167.81,3
2023-09-28,10.76.174.124,11
2023-09-28,102.168.150.133,15
2023-09-28,104.204.112.224,19
2023-09-28,107.67.136.51,12
2023-09-28,108.178.118.162,12
2023-09-28,115.1.25.40,13
2023-09-28,117.54.234.26,12
2023-09-28,118.147.169.63,10
2023-09-28,124.241.117.15,16
2023-09-28,129.123.10.247,16
2023-09-28,130.115.3.2,11
2023-09-28,136.72.242.180,12
2023-09-28,14.78.126.201,22
2023-09-28,140.198.35.232,11
2023-09-28,150.22.79.198,20
2023-09-28,156.154.123.9,16
2023-09-28,157.90.235.188,13
2023-09-28,158.219.203.46,18
2023-09-28,160.16.83.233,15
2023-09-28,167.170.225.10,12
2023-09-28,167.233.230.148,20
2023-09-28,169.53.155.203,17
2023-09-28,180.204.49.10,16
2023-09-28,181.77.193.66,19
2023-09-28,184.27.27.112,16
2023-09-28,184.34.19.250,17
2023-09-28,185.248.162.65,17
2023-09-28,187.163.102.230,16
2023-09-28,187.65.208.255,16
2023-09-28,188.91.245.45,11
2023-09-28,190.234.169.214,9
2023-09-28,192.56.146.31,10
2023-09-28,194.111.202.243,11
2023-09-28,197.245.94.84,20
2023-09-28,200.170.63.209,14
2023-09-28,200.20.159.187,18
2023-09-28,201.80.179.145,5
2023-09-28,202.136.16.52,10
2023-09-28,204.113.244.31,10
2023-09-28,204.220.75.100,15
2023-09-28,205.61.13.251,16
2023-09-28,206.120.193.232,7
2023-09-28,208.66.248.85,11
2023-09-28,209.130.7.178,23
2023-09-28,211.169.37.167,17
2023-09-28,215.142.185.157,18
2023-09-28,219.151.249.16,9
2023-09-28,223.7.187.19,15
2023-09-28,23.208.253.194,13
2023-09-28,25.10.36.162,15
2023-09-28,27.181.205.41,12
2023-09-28,27.3.1.107,16
2023-09-28,28.54.176.82,12
2023-09-28,28.66.196.7,14
2023-09-28,28.98.151.35,11
2023-09-28,30.205.151.41,14
2023-09-28,30.69.221.67,12
2023-09-28,31.191.98.72,16
2023-09-28,34.78.155.214,16
2023-09-28,39.140.82.224,14
2023-09-28,4.63.168.237,15
2023-09-28,4.84.24.201,13
2023-09-28,41.0.195.27,19
2023-09-28,41.93.108.93,19
2023-09-28,43.233.167.240,15
2023-09-28,43.82.137.59,14
2023-09-28,50.209.202.182,17
2023-09-28,51.0.96.194,8
2023-09-28,51.15.187.182,10
2023-09-28,51.170.221.114,10
2023-09-28,53.54.69.73,14
2023-09-28,54.71.121.225,21
2023-09-28,63.45.248.177,12
2023-09-28,66.16.38.30,15
2023-09-28,70.48.190.50,15
2023-09-28,71.174.46.59,15
2023-09-28,73.205.8.193,21
2023-09-28,78.69.244.225,9
2023-09-28,79.127.221.34,10
2023-09-28,8.107.146.79,17
2023-09-28,8.162.49.150,10
2023-09-28,8.192.30.76,19
2023-09-28,8.231.68.142,19
2023-09-28,85.127.37.112,16
2023-09-28,87.129.163.96,16
2023-09-28,95.35.113.20,16
2023-09-29,1.145.186.237,8
2023-09-29,106.80.110.175,9
2023-09-29,107.28.222.14,8
2023-09-29,108.127.117.194,3
2023-09-29,110.133.34.86,9
2023-09-29,113.51.14.75,8
2023-09-29,114.246.191.4,4
2023-09-29,115.241.216.53,6
2023-09-29,118.35.92.117,9
2023-09-29,12.227.231.218,8
2023-09-29,120.227.213.96,3
2023-09-29,121.87.197.251,6
2023-09-29,122.100.122.249,9
2023-09-29,125.68.104.84,11
2023-09-29,130.177.108.201,3
2023-09-29,133.185.89.109,5
2023-09-29,134.10.14.164,8
2023-09-29,134.86.8.151,6
2023-09-29,139.52.253.6,7
2023-09-29,14.253.211.156,4
2023-09-29,146.236.225.216,5
2023-09-29,150.74.87.48,8
2023-09-29,154.108.163.199,5
2023-09-29,159.120.193.242,5
2023-09-29,162.209.39.153,4
2023-09-29,163.85.156.47,7
2023-09-29,164.145.46.235,7
2023-09-29,165.119.240.228,3
2023-09-29,167.143.110.229,2
2023-09-29,167.249.247.60,8
2023-09-29,168.4.159.3,6
2023-09-29,169.77.66.235,11
2023-09-29,181.120.225.95,8
2023-09-29,181.83.98.96,1
2023-09-29,188.154.49.14,9
2023-09-29,189.70.53.33,9
2023-09-29,190.158.147.59,6
2023-09-29,190.241.185.79,13
2023-09-29,193.151.252.176,5
2023-09-29,194.164.198.164,8
2023-09-29,197.132.32.3,4
2023-09-29,199.182.131.100,5
2023-09-29,201.243.240.137,7
2023-09-29,201.29.128.21,7
2023-09-29,202.75.53.250,1
2023-09-29,204.126.163.247,7
2023-09-29,205.8.240.143,4
2023-09-29,207.240.140.36,3
2023-09-29,211.19.170.124,9
2023-09-29,215.154.204.97,13
2023-09-29,217.38.127.81,3
2023-09-29,219.186.133.208,3
2023-09-29,222.198.44.29,4
2023-09-29,23.205.180.247,6
2023-09-29,28.146.200.17,8
2023-09-29,3.56.64.233,8
2023-09-29,31.226.59.56,10
2023-09-29,32.145.37.238,9
2023-09-29,32.94.136.69,3
2023-09-29,33.40.186.77,6
2023-09-29,38.100.73.8,10
2023-09-29,41.37.119.243,8
2023-09-29,44.25.36.167,4
2023-09-29,46.16.255.39,7
2023-09-29,51.14.33.35,9
2023-09-29,51.54.163.161,4
2023-09-29,52.5.34.175,5
2023-09-29,52.83.135.212,7
2023-09-29,53.246.240.203,10
2023-09-29,63.53.214.81,7
2023-09-29,63.70.70.220,5
2023-09-29,65.0.209.253,7
2023-09-29,67.161.114.230,7
2023-09-29,67.181.182.154,11
2023-09-29,67.236.85.11,3
2023-09-29,70.143.67.48,5
2023-09-29,72.14.220.165,5
2023-09-29,72.4.216.129,5
2023-09-29,74.218.211.141,5
2023-09-29,75.130.136.166,5
2023-09-29,78.105.241.165,3
2023-09-29,78.163.146.230,5
2023-09-29,78.24.95.79,7
2023-09-29,9.47.234.172,8
2023-09-29,92.252.242.12,7
2023-09-29,96.112.109.48,8
2023-09-29,96.211.59.175,8
2023-09-29,97.205.225.9,8
2023-09-29,98.152.135.121,5
2023-09-30,1.147.198.2,11
2023-09-30,1.160.239.1,14
2023-09-30,10.214.183.195,20
2023-09-30,102.152.183.18,14
2023-09-30,103.116.163.95,11
2023-09-30,106.229.22.202,12
2023-09-30,111.41.77.242,22
2023-09-30,113.111.97.154,14
2023-09-30,113.49.107.60,15
2023-09-30,115.81.102.129,16
2023-09-30,116.176.102.31,16
2023-09-30,118.133.226.245,13
2023-09-30,119.144.211.207,16
2023-09-30,119.49.52.213,22
2023-09-30,120.239.148.101,16
2023-09-30,122.37.45.178,20
2023-09-30,122.44.103.23,18
2023-09-30,123.197.173.183,15
2023-09-30,124.215.161.89,14
2023-09-30,125.137.150.208,15
2023-09-30,125.43.55.156,12
2023-09-30,13.184.88.235,20
2023-09-30,130.212.80.152,9
2023-09-30,131.245.66.92,14
2023-09-30,137.188.131.146,10
2023-09-30,14.222.69.48,16
2023-09-30,142.23.245.96,9
2023-09-30,144.199.166.253,17
2023-09-30,144.37.122.242,12
2023-09-30,145.14.41.120,19
2023-09-30,149.180.117.247,12
2023-09-30,153.83.16.26,15
2023-09-30,154.153.32.86,13
2023-09-30,157.22.138.217,17
2023-09-30,158.81.89.85,18
2023-09-30,162.125.234.111,22
2023-09-30,163.17.100.24,20
2023-09-30,165.101.112.204,10
2023-09-30,171.78.229.212,12
2023-09-30,175.243.37.102,8
2023-09-30,175.248.142.206,17
2023-09-30,176.230.95.15,21
2023-09-30,180.181.181.241,22
2023-09-30,181.215.244.27,21
2023-09-30,186.50.68.124,13
2023-09-30,187.89.170.254,17
2023-09-30,188.178.12.221,10
2023-09-30,195.130.133.26,12
2023-09-30,199.213.28.39,17
2023-09-30,20.123.99.240,17
2023-09-30,206.51.2.148,13
2023-09-30,207.246.86.243,13
2023-09-30,212.35.52.209,14
2023-09-30,212.85.64.141,12
2023-09-30,213.209.224.103,14
2023-09-30,220.99.109.128,17
2023-09-30,223.245.233.118,18
2023-09-30,29.80.146.11,12
2023-09-30,30.165.206.231,17
2023-09-30,32.167.166.57,19
2023-09-30,36.153.134.161,21
2023-09-30,4.26.82.253,14
2023-09-30,42.53.14.64,11
2023-09-30,49.31.147.103,12
2023-09-30,49.62.47.244,12
2023-09-30,56.245.179.89,18
2023-09-30,58.177.100.53,9
2023-09-30,61.125.134.49,17
2023-09-30,61.94.216.93,13
2023-09-30,63.150.211.215,14
2023-09-30,7.77.206.99,11
2023-09-30,70.158.70.99,13
2023-09-30,71.239.11.150,9
2023-09-30,75.91.152.113,15
2023-09-30,76.87.171.51,13
2023-09-30,8.249.78.235,11
2023-09-30,80.189.90.176,7
2023-09-30,81.77.9.86,10
2023-09-30,83.142.14.145,15
2023-09-30,85.243.53.46,9
2023-09-30,87.196.154.74,21
2023-09-30,88.133.77.51,15
2023-09-30,91.42.1.240,11
2023-09-30,92.84.41.84,23
2023-09-30,98.204.33.137,11
2023-09-30,99.9.102.77,18
2023-10-01,108.1.191.21,4
2023-10-01,110.91.80.148,4
2023-10-01,113.163.150.250,3
2023-10-01,119.128.21.234,4
2023-10-01,120.237.191.184,5
2023-10-01,121.80.247.200,3
2023-10-01,124.217.244.204,5
2023-10-01,133.103.79.137,2
2023-10-01,136.219.40.167,1
2023-10-01,14.11.211.200,4
2023-10-01,141.194.134.1,1
2023-10-01,143.241.246.11,2
2023-10-01,143.39.211.90,2
2023-10-01,148.91.73.252,3
2023-10-01,152.177.111.43,5
2023-10-01,152.44.7.23,3
2023-10-01,153.249.244.90,7
2023-10-01,154.224.35.114,3
2023-10-01,158.129.181.101,2
2023-10-01,165.126.147.152,3
2023-10-01,17.119.106.71,2
2023-10-01,18.136.240.141,6
2023-10-01,182.31.29.135,5
2023-10-01,192.157.208.57,1
2023-10-01,192.157.32.205,4
2023-10-01,193.212.185.129,2
2023-10-01,2.204.240.0,5
2023-10-01,20.9.233.192,7
2023-10-01,200.254.135.101,1
2023-10-01,201.115.53.124,4
2023-10-01,211.43.3.61,7
2023-10-01,213.71.240.92,4
2023-10-01,25.26.211.181,2
2023-10-01,30.174.176.179,3
2023-10-01,32.238.196.92,3
2023-10-01,32.54.0.159,1
2023-10-01,36.112.23.19,4
2023-10-01,36.236.1.91,3
2023-10-01,4.127.196.59,7
2023-10-01,42.157.193.218,4
2023-10-01,47.233.215.143,4
2023-10-01,48.36.123.99,3
2023-10-01,5.18.134.216,2
2023-10-01,5.27.79.147,2
2023-10-01,52.212.237.7,3
2023-10-01,53.164.234.101,5
2023-10-01,55.167.53.209,2
2023-10-01,56.153.118.205,1
2023-10-01,59.39.74.161,1
2023-10-01,63.184.218.50,1
2023-10-01,66.255.184.248,2
2023-10-01,67.79.244.199,1
2023-10-01,7.180.212.175,4
2023-10-01,73.54.60.128,3
2023-10-01,74.243.196.104,8
2023-10-01,8.224.25.97,3
2023-10-01,84.152.20.139,2
2023-10-01,88.92.195.45,2
2023-10-01,89.20.188.5,4
2023-10-01,9.28.14.180,3
2023-10-01,91.141.201.12,1
2023-10-01,95.66.159.237,2
2023-10-01,97.205.104.129,4
2023-10-01,98.28.228.53,1
2023-10-02,10.119.141.177,15
2023-10-02,107.25.71.100,22
2023-10-02,108.65.219.215,26
2023-10-02,109.101.190.179,28
2023-10-02,109.133.237.42,31
2023-10-02,110.148.7.45,24
2023-10-02,113.190.90.202,20
2023-10-02,115.17.117.247,18
2023-10-02,116.198.76.186,11
2023-10-02,117.30.101.102,16
2023-10-02,12.118.24.255,28
2023-10-02,125.38.238.181,21
2023-10-02,131.147.151.63,19
2023-10-02,134.173.104.168,26
2023-10-02,135.168.58.163,27
2023-10-02,136.65.41.162,17
2023-10-02,136.82.167.138,16
2023-10-02,137.228.18.155,18
2023-10-02,138.230.126.175,28
2023-10-02,141.160.242.161,18
2023-10-02,142.136.219.146,22
2023-10-02,144.22.175.74,17
2023-10-02,145.200.142.254,23
2023-10-02,152.92.173.26,18
2023-10-02,156.181.75.7,22
2023-10-02,157.156.111.37,26
2023-10-02,161.141.214.137,17
2023-10-02,162.85.17.223,27
2023-10-02,17.153.169.164,19
2023-10-02,173.153.188.181,25
2023-10-02,179.61.31.210,15
2023-10-02,18.38.77.140,19
2023-10-02,180.83.88.69,18
2023-10-02,187.70.197.5,21
2023-10-02,188.101.207.82,26
2023-10-02,193.114.114.121,24
2023-10-02,195.187.144.12,19
2023-10-02,199.208.180.81,19
2023-10-02,20.26.127.108,24
2023-10-02,201.40.1.83,24
2023-10-02,202.68.40.232,26
2023-10-02,206.213.151.121,25
2023-10-02,207.115.180.202,23
2023-10-02,209.226.140.109,20
2023-10-02,21.71.47.40,19
2023-10-02,211.27.96.18,23
2023-10-02,213.57.84.145,18
2023-10-02,217.250.203.92,16
2023-10-02,219.134.54.61,19
2023-10-02,220.58.146.212,17
2023-10-02,30.161.100.172,27
2023-10-02,32.206.243.5,35
2023-10-02,38.212.199.221,18
2023-10-02,40.45.163.192,21
2023-10-02,44.218.225.135,24
2023-10-02,44.234.67.242,22
2023-10-02,45.220.127.116,16
2023-10-02,49.83.193.126,20
2023-10-02,50.93.193.218,24
2023-10-02,56.134.93.144,21
2023-10-02,56.237.232.216,21
2023-10-02,56.53.24.225,27
2023-10-02,60.73.254.77,12
2023-10-02,61.176.154.193,18
2023-10-02,63.163.39.80,25
2023-10-02,65.65.72.236,32
2023-10-02,74.64.221.224,19
2023-10-02,78.253.193.79,16
2023-10-02,79.204.161.92,25
2023-10-02,81.216.166.35,24
2023-10-02,81.64.40.242,28
2023-10-02,85.164.174.57,19
2023-10-02,88.144.242.152,30
2023-10-02,89.20.207.85,24
2023-10-02,9.124.85.183,21
2023-10-02,91.45.181.47,24
2023-10-02,95.254.38.13,17
2023-10-02,96.146.184.149,26
2023-10-02,97.31.24.242,20
